t,ur,ui,ir,ii,omega
0.0,0.17479998796760207,0.968684936238113,-0.7387921990791235,-1.895102167665209,0.0
0.1,0.17371603243251793,0.9689851979575457,-0.6473036464692885,-1.8613316883825226,0.011377593276920006
0.2,0.17924818749378524,0.9679527974195451,-0.6820015577319095,-1.8306268106737043,-0.057166760947116035
0.3,0.17252659677756005,0.9698787124200731,-0.7898642024854763,-1.8322939817323096,0.07065206386549505
0.4,0.1721074412696206,0.9697122281033648,-0.7253842003680666,-1.8586596432112041,0.0038941293628180773
0.5,0.18570028005305375,0.9692751421368004,-0.6382063191328554,-1.8617451635477487,-0.136390995937421
0.6,0.1739696584094355,0.9653884193413796,-0.7363955603099384,-1.9138267601499448,0.10999627760541086
0.7,0.17681881744506853,0.9686026981292495,-0.6817956766471082,-1.8257029954952304,-0.022688611019989757
0.8,0.17743446627807324,0.9730259602910516,-0.7169960391105626,-1.8090568501882944,0.0019078604596267645
0.9,0.1714244015949274,0.9651814458367846,-0.7241905485941792,-1.9037616340762529,0.045959153030701305
1.0,0.18173569218575839,0.9674748546812774,-0.702871435716432,-1.8734063170448794,-0.09906088026925719
1.1,0.177495951996976,0.9691929808670112,-0.7155453784432946,-1.8113096506042572,0.04550915219209806
1.2,0.17645218588024764,0.966988284026521,-0.6728762829562754,-1.8496722878056364,0.006404486739117754
1.3,0.1791012900838429,0.9694938881140779,-0.6986960646270503,-1.9159886278565263,-0.02187129736895166
1.4,0.17329894996233752,0.9716920316152053,-0.7301610739014535,-1.8498287915609903,0.06185411427774179
1.5,0.1802339665193377,0.9718409163804912,-0.7307333016724791,-1.8087140077361525,-0.0688093229995479
1.6,0.1807041637539576,0.9703343844925024,-0.7010560299592857,-1.8465165202719545,-0.007467201342659102
1.7,0.17590524766023352,0.971482553212853,-0.6731875265019088,-1.9042359057067468,0.04991526588207451
1.8,0.17929223522364585,0.9742378610203476,-0.7166263629267249,-1.8737681529456447,-0.028688518287707243
1.9,0.17725187447540114,0.9709190051807051,-0.7693190686301579,-1.8524908982748243,0.014245378916490914
2.0,0.18158216730124727,0.9701504564527517,-0.6888372743252082,-1.8646618355591287,-0.04455864671177201
2.1,0.18077647569102773,0.9705117459087935,-0.6841309874314887,-1.869962126465869,0.008695332980641624
2.2,0.17620096552333248,0.9714835644967372,-0.7054505571728025,-1.846237882015526,0.04736108480325463
2.3,0.17895365034760188,0.9702281062400062,-0.6896862395008282,-1.8617284000234022,-0.029724000533253303
2.4,0.17671033340773576,0.9693108161860803,-0.7725952265723866,-1.8422529573443722,0.02070182563379319
2.5,0.17607612226070485,0.9715547826912805,-0.6813315788317887,-1.8302643891878696,0.010394986691544261
2.6,0.1801254831969231,0.9696914095670431,-0.7175494475517085,-1.8476283790143637,-0.04376811150747395
2.7,0.17822060939207848,0.9685135742700146,-0.6876036200425284,-1.9020706939611602,0.01683357461829571
2.8,0.17957029939750782,0.9737921254733106,-0.6992688833662775,-1.8222438750897958,-0.003757908700814383
2.9,0.17852494878672742,0.9668142705044397,-0.7815194415594695,-1.8668650450860138,-0.0024145158966248914
3.0,0.17463896409248297,0.9695418737891699,-0.7224578069057522,-1.84385744979536,0.04381775200617888
3.1,0.1830780410625136,0.9712984439344208,-0.6675435134939676,-1.83623365580682,-0.08087917985830195
3.2,0.17594427872126792,0.9687028179648971,-0.7267004879526537,-1.8408597173000607,0.06632044066591902
3.3,0.1773588140899706,0.9678020590533291,-0.6910662888110799,-1.876516720907489,-0.01578113281347937
3.4,0.17737353832315964,0.9719485017408721,-0.7212222434449997,-1.8418687681997545,0.007418460992687503
3.5,0.17398986875498304,0.9685823878849794,-0.7155032515006368,-1.8534241792797166,0.027684457553347475
3.6,0.18078213405528568,0.969101486707658,-0.7122398386920653,-1.855132149373731,-0.06688376849200095
3.7,0.17847464414034406,0.9686772461406088,-0.7572960724551601,-1.830245057500726,0.022239623728270708
3.8,0.1773997927726007,0.9692296432064059,-0.6913743472880283,-1.822927526065061,0.011743789288050088
3.9,0.17901092501561183,0.9675161634412547,-0.6853477012754268,-1.8885664572253495,-0.019242106529928638
4.0,0.17333942856554668,0.9698449731498233,-0.7301562846897173,-1.8819563314204024,0.060906277224204164
4.1,0.17803407815667904,0.9708743440754473,-0.7567695657847766,-1.8088013701483687,-0.04498520815385154
4.2,0.17849844951303462,0.9680694091469559,-0.691521432019598,-1.8509128490140672,-0.00977942092618811
4.3,0.17560489316947728,0.9679672269809316,-0.6917900414018657,-1.9096670192513958,0.028737122695552397
4.4,0.1803343848209154,0.9700798802270054,-0.6909637501297844,-1.8468302209715863,-0.04334079301070881
4.5,0.17124710012103087,0.9675349241701154,-0.782484262890047,-1.8455269254863773,0.0861941069854244
4.6,0.17489130024088098,0.9652548628520152,-0.7273236960350072,-1.8186310804955597,-0.0406313477182807
4.7,0.17725868530204325,0.9655952316637351,-0.713118941701232,-1.8571606457780525,-0.023109979095095046
4.8,0.17554376605403088,0.9673465181519832,-0.6931169996147393,-1.9171138624952009,0.02037280211948822
4.9,0.17960750340572534,0.9662514221723459,-0.664126376484431,-1.8643126924564228,-0.04267368020633544
5.0,0.17613069663446912,0.971020665189261,-0.8207028226768645,-1.7881124896899805,0.043469452207580694
5.1,0.1772066546668884,0.9688787482453607,-0.6842072996513888,-1.862385291261488,-0.014629784368518362
5.2,0.18203647298326392,0.9676718949814173,-0.6949782231979984,-1.8511999389406892,-0.05045632613863704
5.3,0.1776686283647808,0.9705853975703342,-0.6732958952667103,-1.8347473312170526,0.0489626301585
5.4,0.17853541634438164,0.9665007997896107,-0.7047827971605517,-1.9110442052671743,-0.016158060212529968
5.5,0.1792304401370935,0.9703104510357922,-0.771291684330742,-1.8208336065858957,8.678674062512215e-5
5.6,0.17041341380787,0.970428464805384,-0.8032534496896142,-1.8278904207766296,0.08821778950527825
5.7,0.18452305844812283,0.9678198388297802,-0.6142116177305271,-1.8761011757131403,-0.14563454568646161
5.8,0.1791526744077941,0.9695015736954679,-0.7238569114045859,-1.8274178213534866,0.056702152937033734
5.9,0.17359919795589468,0.9673323517161809,-0.7165703221902296,-1.8819618593084784,0.051556178829297306
6.0,0.18213220446264322,0.9705445021496882,-0.7209469582805419,-1.8444968902830325,-0.07930762878896935
6.1,0.17386480741339072,0.9704390500388014,-0.7392565696481445,-1.8509836216480857,0.08222208759916416
6.2,0.18031393344085445,0.9666457977032771,-0.7080319541237887,-1.8865935758439059,-0.07136093444001679
6.3,0.18415589478300265,0.9684145590009597,-0.7316348117405734,-1.8408144567530105,-0.03502321748664716
6.4,0.1765343408707204,0.9687861756190159,-0.6897331644426501,-1.848420588122153,0.07673987813931138
6.5,0.1816429406717488,0.9679369386101887,-0.6562354267943833,-1.84499457452134,-0.052578523454382964
6.6,0.17572743581599504,0.971039604589396,-0.7734548413043588,-1.9030051050081394,0.0647166603343452
6.7,0.1796978860739919,0.9726103515485329,-0.7381516619933436,-1.805188491815016,-0.03667364731614331
6.8,0.18422015117408502,0.9684719038526716,-0.6988904142400059,-1.8508510227178743,-0.05273602063979865
6.9,0.17701774210122379,0.9724371743336752,-0.6943986466706902,-1.857010574274883,0.0790819510206009
7.0,0.18068323013883608,0.9753405095805879,-0.6953911324622645,-1.8849911990824242,-0.031113586234654544
7.1,0.17865450362562335,0.9726350901874811,-0.7467766143688533,-1.8374746820693608,0.015188379084716264
7.2,0.18035569351707065,0.970178455145912,-0.7550482114379848,-1.8385961111988665,-0.021453303407383828
7.3,0.18513120934753752,0.9724363100454843,-0.6969078869723664,-1.8591917803611604,-0.04326111559160628
7.4,0.17882954082544333,0.9712464365685021,-0.7093590975245138,-1.874897973270801,0.06043089238817689
7.5,0.1791440676764276,0.9710638248969015,-0.6691622431552642,-1.8489742806908733,-0.0034674618063523788
7.6,0.17999226863982315,0.9677902113191237,-0.7652379819539259,-1.8470736634664882,-0.014506793493187509
7.7,0.17765266482238112,0.9695841371218541,-0.7248014147199637,-1.8327960463618016,0.026662392544420932
7.8,0.1811456231260543,0.9713232314700355,-0.7038970169526224,-1.8523881900722947,-0.03160037452341502
7.9,0.1817235993485865,0.9678947936680029,-0.689581556068551,-1.8597325768003872,-0.012151883087041515
8.0,0.17810209362906554,0.972361837137625,-0.6981050360082656,-1.862695876726388,0.04434446998309305
8.1,0.18352464422228026,0.96771432207755,-0.7259741330652199,-1.8402295224178329,-0.06265398015188772
8.2,0.17481714664986392,0.9677960435556685,-0.7745924936411684,-1.8168165498430695,0.08714498995667341
8.3,0.1844622260092178,0.9714113703023264,-0.6526759551470407,-1.8637924328563062,-0.08949442393350493
8.4,0.18281173221329922,0.9687941657000019,-0.7016029963678748,-1.8377903062175518,0.011494769323172616
8.5,0.1849523666148401,0.9649968345468822,-0.7146891031922763,-1.7991040823729094,-0.028574772663747527
8.6,0.20997615382959517,0.9655498101808453,-0.6428098406343349,-1.5877181192142602,-0.24769192763156367
8.7,0.24977042222058937,0.9498038968807592,-0.6648696633376369,-1.5714792873847228,-0.43014580298892824
8.8,0.30010473391915304,0.9334821104938746,-0.7490005525688574,-1.4172556830693868,-0.5390507320811477
8.9,0.36835096860461236,0.9089596000985629,-0.8176595340694596,-1.3851050177530162,-0.7396585207496398
9.0,0.4481823852245189,0.8720935370647813,-0.9360466440455417,-1.2876070200029828,-0.8969854304327973
9.1,0.535156685622574,0.8180742801504557,-1.0409742788456644,-1.171271623485184,-1.0458062284265857
9.2,0.6300643745757388,0.7448277488655101,-1.218491261951957,-1.0098823104743322,-1.2282183702670557
9.3,0.7250699885130074,0.6569142790846517,-1.2708368219849802,-0.8063756504847882,-1.3255512809993608
9.4,0.8147278858154261,0.5385012961541509,-1.3412397874601556,-0.6910199546057421,-1.5208044867320547
9.5,0.8911752663705682,0.4021340738132737,-1.5086110308686735,-0.4367533171943867,-1.601555872001768
9.6,0.9433941152373003,0.2586068205240851,-1.6253184959758218,-0.13620005417000947,-1.5633329662190698
9.7,0.9705020996950358,0.10554378694924116,-1.7373831310370091,0.12187899546383874,-1.5922545431530015
9.8,0.9778622450954954,-0.04713381945307499,-1.733254756981726,0.4040951758111483,-1.564896201452223
9.9,0.9551106202239017,-0.1997256181032797,-1.7075364683476737,0.7134879520867945,-1.5797847510727752
10.0,0.912932062977169,-0.34755825910393773,-1.5069418173983973,0.9398605419415171,-1.5762127028343833
10.1,0.8498426527355949,-0.48832414402833624,-1.3487986240891696,1.0836655251260188,-1.5777430007499949
10.2,0.7604904638962396,-0.614906351816412,-1.189660704347519,1.3041532873913497,-1.5840438168115933
10.3,0.6567045266930845,-0.725828971551185,-0.8910778416106562,1.4802104027369514,-1.554129210974079
10.4,0.5354330120549661,-0.8232663871897807,-0.6850025601172443,1.606429340950595,-1.5880161160613904
10.5,0.39773369441220185,-0.8949490566104772,-0.4355162613334823,1.674984462752097,-1.5843544245537455
10.6,0.2543459218532859,-0.9451150992517771,-0.14025236064315938,1.743776522822783,-1.5531628399755038
10.7,0.10293446073999546,-0.9751394722626273,0.12068691255035724,1.7308797933553282,-1.5771879978739567
10.8,-0.05405937213148898,-0.9744907245536805,0.35541180780442616,1.71176552514485,-1.605869236757056
10.9,-0.2018563875920043,-0.9591937778962282,0.6517132293386372,1.5841284310776724,-1.5199953050723924
11.0,-0.3507726782525086,-0.9150285174077748,0.8844386442663887,1.4895290913307346,-1.5865049313144497
11.1,-0.4884899330217707,-0.8488731341167306,1.1427203362161558,1.3356218712579115,-1.561099032370381
11.2,-0.6157408779024971,-0.7630821229934084,1.308365655603394,1.1539698397575135,-1.567643771135847
11.3,-0.7269470683020987,-0.6545449729655088,1.4916509534605875,0.9197758043963493,-1.5881689335757176
11.4,-0.8213501782831187,-0.5378122247624729,1.5948633572533144,0.6545095625913196,-1.5330198866305977
11.5,-0.895331010446099,-0.3977149773312365,1.666794560730538,0.4163918016458842,-1.6170692667817166
11.6,-0.9444338782823133,-0.25313235530045636,1.730841442326784,0.17873709300140317,-1.561579539422886
11.7,-0.9745281205283451,-0.10198631919172207,1.745884377736258,-0.09837917090933046,-1.5759813289113955
11.8,-0.9767490255535463,0.050562069013766864,1.7006032331737588,-0.42221743173010795,-1.559919493802524
11.9,-0.9601666190626422,0.19958316739650572,1.580429880862144,-0.7027175435509934,-1.5322512457989168
12.0,-0.9161542531209843,0.35201985317326373,1.5494020260746724,-0.882346533920225,-1.6189905307465624
12.1,-0.8493293492263186,0.4929048416276762,1.3336153352378872,-1.0845912013326608,-1.5899893153235745
12.2,-0.764209187060636,0.6197455851892802,1.091770985065499,-1.329210626255465,-1.5554759152711473
12.3,-0.6569307657948116,0.730537666588944,0.9232671218343456,-1.4801239658978473,-1.5700949548638565
12.4,-0.5362090470312927,0.8268927860287667,0.6752752652652043,-1.597127386373241,-1.571029347709203
12.5,-0.398458443327245,0.8990697499841084,0.4263330826126879,-1.7248573871728738,-1.5811763212988605
12.6,-0.25427391068380034,0.9479673527113128,0.1311690163880017,-1.7266275422397226,-1.5511407262997245
12.7,-0.10572064554124877,0.9763250143621065,-0.13303545499279867,-1.6688937403639055,-1.5419798561701814
12.8,0.05339809959885117,0.9783151099127344,-0.3763717519745431,-1.7315543962391313,-1.6239159031827999
12.9,0.20405042295254738,0.9580355866842756,-0.6874219458150357,-1.6066036857536887,-1.5532500951024009
13.0,0.3514070811792091,0.9160879697588995,-0.9043000773689314,-1.4697733011888352,-1.5643233806055878
13.1,0.4901626080738485,0.8473778174861438,-1.1251497426670274,-1.3232701928919601,-1.5813550883520744
13.2,0.6158811318294556,0.7616085149326366,-1.3182701351411983,-1.1343201107389667,-1.5557775985582545
13.3,0.7275107532448714,0.6591460058798492,-1.4932284948722967,-0.8638965571617329,-1.5466192066679074
13.4,0.8249286704338198,0.5293289500186473,-1.6026376283667045,-0.6799000788089635,-1.6564177358883203
13.5,0.8958645259875573,0.4001009203439587,-1.7038399454386886,-0.38031448582960004,-1.504642553640494
13.6,0.9463972698424961,0.25125925323402276,-1.763986547327422,-0.13850615519452625,-1.6052640759101955
13.7,0.9720926081264505,0.10133043855881241,-1.7215298150069698,0.1288275068327417,-1.5563937907688707
13.8,0.9788315150146423,-0.05061056080748627,-1.6922710648950419,0.3735294490579565,-1.555234588004799
13.9,0.9580916252588789,-0.2042603928559415,-1.6034792224234258,0.6744863324663315,-1.5839124359291734
14.0,0.9141508581651989,-0.350349139140697,-1.506744231069007,0.925189272894519,-1.5593432178037947
14.1,0.8487712743935864,-0.4931137048404746,-1.3411921231260355,1.1003588708026835,-1.6032737010084208
14.2,0.7598049290623764,-0.617291082896149,-1.1579387209833154,1.3173685771616772,-1.5596456853853535
14.3,0.6567077521825513,-0.7304036173518585,-0.9125560048660422,1.4535814528013238,-1.562006967120464
14.4,0.5306925881296062,-0.8205625140775772,-0.6535192831661754,1.6219737655707078,-1.5823727587099246
14.5,0.4017296809071865,-0.8945108026062751,-0.39353556940836,1.6776161151618632,-1.519720011155643
14.6,0.25294350302071356,-0.9466452276695528,-0.18974542820386675,1.716114650633108,-1.6100962217339987
14.7,0.10236190411333335,-0.9737500061853619,0.1354549943165998,1.7449033980096469,-1.563634789768198
14.8,-0.048588835997179225,-0.979722051953773,0.4560962140129641,1.6948349121843258,-1.5429058122214823
14.9,-0.20342642537348044,-0.955441466609699,0.6182073649512589,1.6259530135966602,-1.6022712334716438
15.0,-0.3475300638583116,-0.9134581340263366,0.8873687489792885,1.5108137549848637,-1.5376383931398507
15.1,-0.48802725228901755,-0.847183760635878,1.1516086587874763,1.3243518833208567,-1.5908439789435036
15.2,-0.6136181683542536,-0.7589317138628128,1.3203559719004336,1.125128323032624,-1.5729058338719604
15.3,-0.7257018946602356,-0.6562614139365651,1.4802164865940737,0.9336448559211599,-1.5568378689476425
15.4,-0.8216761372713364,-0.5337244109934621,1.6363367428696205,0.6708751157760084,-1.5912987298305303
15.5,-0.8959285755430071,-0.39796434361379496,1.6892698890695137,0.3692764171512517,-1.5804927237140731
15.6,-0.9469695573595612,-0.25305824605758115,1.701372294741843,0.15158353355664722,-1.5688571196237966
15.7,-0.9731237144547717,-0.09895475754612892,1.7754745418143945,-0.14422847662615512,-1.5978842112685676
15.8,-0.9772288965284385,0.05216102603195494,1.658708743764917,-0.4284237427998813,-1.5466527071347969
15.9,-0.9576226816232278,0.20216572811766353,1.6017210562304027,-0.6874106022511022,-1.547312134111376
16.0,-0.9114319667930944,0.35185593713592533,1.5100705940676507,-0.9135763803758292,-1.603636322137092
16.1,-0.8517848886705229,0.4897270019298299,1.2936908464635564,-1.1481168727617124,-1.5337006503959927
16.2,-0.7611313388573976,0.6184184826074425,1.1371464842562875,-1.2904944643924712,-1.6052520345362176
16.3,-0.6524591815355996,0.7261806171125211,0.9276300866130388,-1.536692331863971,-1.5650534147676431
16.4,-0.5341170471072495,0.8217140266223997,0.6348537423242356,-1.5909313199461783,-1.5559728125526462
16.5,-0.3982477230046242,0.894259995703079,0.3841666723103425,-1.6989083380893417,-1.5740769931177745
16.6,-0.2523566123531937,0.9451412163606026,0.1523221100186274,-1.7220397074028426,-1.5805259926379733
16.7,-0.09825087478596989,0.9761449553314778,-0.09850987478258721,-1.727090778098265,-1.606033414229877
16.8,0.050597517350630006,0.9765832292076075,-0.37854547304358743,-1.6902664794093218,-1.5207856011174492
16.9,0.20502849673384022,0.9582136001343128,-0.6643906581817653,-1.6241743920477838,-1.5902652069548395
17.0,0.3502448784058063,0.9161606651122048,-0.9276835577698228,-1.4409916840012826,-1.5436108210615096
17.1,0.4885019862885402,0.8491029436040758,-1.1522552065400729,-1.3142951083197645,-1.569191913260184
17.2,0.620084081141181,0.7606872066009362,-1.2555267709128684,-1.1701357027924604,-1.6184727679553923
17.3,0.7330847995368627,0.6523149753013313,-1.5210963176427197,-0.9489844501860096,-1.5971443390905016
17.4,0.823798787733907,0.5351838898115981,-1.6337629122313029,-0.6222528195797687,-1.5103164623660348
17.5,0.9005991090957095,0.39944352724111837,-1.6759442097128374,-0.4269932927774802,-1.5867049410666922
17.6,0.9517602061926322,0.25079081097242883,-1.7362423222280972,-0.17829014480132377,-1.5981561073449235
17.7,0.9786998765506912,0.10001872012486757,-1.7476113402787061,0.16231079797229342,-1.5580366196814843
17.8,0.9799162164400219,-0.05356227229784333,-1.661433950016033,0.39452235449534084,-1.5644764989138515
17.9,0.9576750694097104,-0.20377996870498846,-1.618022618258958,0.6141296593783864,-1.5505342757910157
18.0,0.9148059084858788,-0.3525699284448822,-1.4784506320087478,0.93277020233203,-1.5820156895047255
18.1,0.8485642634921051,-0.49130280946800664,-1.2884353609680055,1.1597846756126007,-1.5696044691140898
18.2,0.7604026417272811,-0.6191084695795301,-1.132599232208048,1.2658429823613808,-1.5850956084121925
18.3,0.6538979045720512,-0.728769537454551,-0.9431830749359715,1.4866008364865384,-1.5616474906938294
18.4,0.5328775010629041,-0.8220639420989289,-0.6076965432693012,1.6214774118435278,-1.5617864939780013
18.5,0.3973997520220569,-0.8973435594506317,-0.41011489396512557,1.6794988036698335,-1.5821971684586345
18.6,0.2515639394873481,-0.9485227587054441,-0.16247795770027662,1.6904601769923544,-1.5765442718222111
18.7,0.10173913732539602,-0.9766949774254641,0.16463488258623837,1.7254633940116575,-1.5545564737895923
18.8,-0.05477196971376136,-0.9797533852532752,0.3959233967593179,1.7007908413077935,-1.5963812306821978
18.9,-0.2063648337419521,-0.9552700427883122,0.6578357055729308,1.6095886029614144,-1.5691258486323179
19.0,-0.3513534416748262,-0.9163186025849182,0.8756864197930923,1.4706633126646462,-1.533914491590167
19.1,-0.4912372041487294,-0.8471438497280868,1.182391658670277,1.3254245897249932,-1.5934021857865943
19.2,-0.6179057318343204,-0.7602872598200067,1.3284654023304296,1.1354570027472792,-1.56963117170827
19.3,-0.7312456515445607,-0.6525817191685499,1.4401050901521688,0.934147696609051,-1.5972917008183174
19.4,-0.8227393188209404,-0.5307653708218527,1.5989937271792452,0.7088760972648795,-1.5567728275400405
19.5,-0.8939353650273578,-0.4064505890974043,1.7878355872204257,0.39016668204224736,-1.462014603084043
19.6,-0.9405338911943575,-0.28109908684347745,1.9928838778704225,0.15293325926693002,-1.3631388285077328
19.7,-0.9699505589745903,-0.1685340078404856,2.062301102102258,-0.0523922245839884,-1.1838380116925862
19.8,-0.9872172334759562,-0.07660314249067479,2.0345479035727063,-0.2947061851737109,-0.945978065739066
19.9,-0.985389110522743,0.005549994091795518,2.0705669175110586,-0.4707748074622866,-0.8307207610005207
20.0,-0.9808243220731603,0.07221625215951408,2.0750174420784018,-0.6532065237830564,-0.6786327666116954
20.1,-0.9763849585081944,0.12208308711640675,2.0192614088630156,-0.7120357427844591,-0.5089475253351061
20.2,-0.972685700922809,0.1592766629052536,2.0340223617326574,-0.8104929589876175,-0.37918626512286835
20.3,-0.9691475724044967,0.18078586614928763,2.0584394594672006,-0.8814154559400543,-0.2211258468881283
20.4,-0.9658197407949283,0.18913059942000615,2.027168760139272,-0.8030374128383748,-0.0895541670263178
20.5,-0.9678777901395086,0.18428771493914692,1.9994442399953463,-0.7762466982074742,0.05225130548422996
20.6,-0.9675365765623618,0.18393740374899836,1.9526144597093638,-0.766312830572275,0.002846144615133994
20.7,-0.9678436060042607,0.18410965296898524,1.8531202688714377,-0.7352654163864505,-0.0011355714757854685
20.8,-0.9677193271229264,0.18200423989727674,1.8519062858326072,-0.7461134873376191,0.0207690608542066
20.9,-0.9647673024351958,0.18244549044708197,1.825534373582446,-0.6908127703865485,-0.009973703306922488
21.0,-0.9687565242081394,0.1843909791450543,1.7557556515416997,-0.6367219653597054,-0.011867894919461719
21.1,-0.9657859022604018,0.1836608319669718,1.8846356764603687,-0.7266596183353526,0.0016460316766853111
21.2,-0.9649219784149908,0.18355344899943488,1.8871236156370392,-0.7884409598223188,-0.000569168383321994
21.3,-0.9725217064253233,0.18303906463770936,1.800281083332907,-0.7512918952200722,0.019457663661928137
21.4,-0.9638539327740184,0.18584027445930262,1.9055801628068378,-0.7028977181884959,-0.04437736506682555
21.5,-0.9665254524453571,0.184435364992524,1.8668050534894598,-0.7370293982704568,0.019160042388808307
21.6,-0.9738392670734269,0.18599355229633713,1.7894083594227406,-0.7064550031323693,-0.0016103997410077397
21.7,-0.9622464365877911,0.1842087997502268,1.921594655237231,-0.7074086457472823,-0.004304689732261835
21.8,-0.9665719207505883,0.1804166722219069,1.825338523961408,-0.7284973134667885,0.046150253585501844
21.9,-0.9704426119622854,0.18606979129343149,1.8524324503700125,-0.7061745863126888,-0.049052128013329366
22.0,-0.9647141991885544,0.18639329048190872,1.84094060389066,-0.7601633021055111,-0.01421203750952671
22.1,-0.969967380716015,0.18531711671295065,1.8659887996994158,-0.7232155773270823,0.020791404584112883
22.2,-0.9693659713484308,0.18826354136181186,1.8122535437212375,-0.674150320557359,-0.030450730174695906
22.3,-0.9667431173005625,0.18376387293200352,1.8158711131421954,-0.7058475371603541,0.03980572221834677
22.4,-0.9681806752058622,0.1840282983052886,1.8940932830977266,-0.8033491229615444,8.805733882510935e-5
22.5,-0.9666142012097434,0.19003326978383966,1.9124140237183764,-0.73403085081514,-0.0628544726035507
22.6,-0.9727448976967014,0.18398499046325076,1.791296254506622,-0.6686858344803532,0.0718933137645017
22.7,-0.9693926115293124,0.18545503100263291,1.8475791737043068,-0.6824235909356945,-0.020947263910819913
22.8,-0.9694238576921708,0.1830690729989181,1.8353353594488437,-0.7507837995986789,0.02381341609527965
22.9,-0.972550285216771,0.18496754528526715,1.8845185428484894,-0.7811089611235902,-0.012983551892986611
23.0,-0.9699546822033901,0.18880402582995814,1.8547398802625437,-0.7560785917905829,-0.04304867430818149
23.1,-0.9706709511769469,0.18623583058589957,1.8169730499712866,-0.6631715873918668,0.026889984053681815
23.2,-0.9708054161718792,0.18670259885479534,1.8168839638606709,-0.6774240330678098,-0.004380664346150809
23.3,-0.9657613969650821,0.18523345770767938,1.8832317688598195,-0.7613162991809261,0.0049839908095883345
23.4,-0.9683134194676762,0.18251933616335347,1.8747722338086021,-0.788874928296925,0.03192986711711754
23.5,-0.9681794563968995,0.18696607189828512,1.8552762789368813,-0.702170390625282,-0.04456710394924457
23.6,-0.9689182273626575,0.18703262913969998,1.8170583812572558,-0.6894304132166265,0.0007572615658979487
23.7,-0.9700621723008171,0.18541719807693538,1.8587805297908557,-0.7006463098904423,0.018255611891984103
23.8,-0.9657419814157123,0.18693381848527296,1.8887076301672334,-0.7608450080665623,-0.023389313758972463
23.9,-0.9704047586671188,0.18337867256982363,1.77069536963343,-0.7212965984956696,0.044315191378423435
24.0,-0.9662152105099525,0.18626874067734112,1.9095980219124142,-0.7142389219628411,-0.03676554903609741
24.1,-0.9655187225576547,0.18928110947708787,1.8495117030638097,-0.702803062900196,-0.03140320775168348
24.2,-0.9752142547699887,0.18534159225152924,1.7973415898557377,-0.7259021893155889,0.057734958735498054
24.3,-0.9626928021248248,0.18485831229803973,1.9058549497011459,-0.7601405029462771,-0.019005798585496336
24.4,-0.9650341679466261,0.18274928790527145,1.8590613895412098,-0.712441616985822,0.025582903057479456
24.5,-0.9735874378427911,0.18585445271175433,1.7786093014329458,-0.6957379692132457,-0.014724915473642852
24.6,-0.9636379622726625,0.18619498643765517,1.8590533276265842,-0.7301826327567286,-0.022416840638292967
24.7,-0.970127341225312,0.1861022528973904,1.874987624889919,-0.7401756584069943,0.013384701482710426
24.8,-0.9685313134804423,0.18679370683178106,1.891392704699375,-0.7189866472375457,-0.0099328890718553
24.9,-0.9652146034879804,0.18431689861536527,1.825529282233997,-0.6626373713345018,0.01835736297817192
25.0,-0.9689520676001513,0.1829090202634377,1.866309823932785,-0.7598962579283358,0.021133789655962687
25.1,-0.9645599044308185,0.18596642895504076,1.902016208094445,-0.7586501629243263,-0.038878007589531194
25.2,-0.9703076962242115,0.18514549441563238,1.804346335932243,-0.7113326432477545,0.019175896793939273
25.3,-0.9672990885393876,0.18430099945108114,1.805114058164472,-0.6861139365316319,0.0026975401712903135
25.4,-0.9635086558057842,0.18232399272981073,1.8668710077660327,-0.6991993372815227,0.012570123974278147
25.5,-0.9676195270556864,0.18305891063626664,1.8729492611213328,-0.7679952382746467,0.0004288216184278326
25.6,-0.9653178541928217,0.1820387514421556,1.8548828183499004,-0.7608668889721136,0.005848598242330638
25.7,-0.9653757493545894,0.18389068309179862,1.851449915365312,-0.6759654456595521,-0.01840912924405913
25.8,-0.9670625745966485,0.18512023760206936,1.841500894892568,-0.682750868705846,-0.009061303369826135
25.9,-0.9669788141589992,0.1842798563568485,1.8452021462910726,-0.7187228974624443,0.008224927679805205
26.0,-0.9674493365064276,0.18621918627012068,1.850405860337855,-0.7403114895828722,-0.018442413259194268
26.1,-0.9662229171054632,0.1859559338125454,1.8966213204981974,-0.765088714306483,0.00027130786945051
26.2,-0.966760083698103,0.1856229416726632,1.8023239628373313,-0.6416136992294683,0.004352918894596769
26.3,-0.9686901820719369,0.18872610584364624,1.8189880377171597,-0.6804193158225542,-0.02719172357709354
26.4,-0.9646720352253946,0.182999940616841,1.9040070932494348,-0.8053083050801381,0.0494167819907787
26.5,-0.9692190676025977,0.1874645522000665,1.8551629561717078,-0.7536194549939113,-0.03584875530320275
26.6,-0.9698439144053146,0.18975427006652545,1.8403097813672726,-0.6899293356126326,-0.021547531474404025
26.7,-0.9633427114680597,0.1838535693868656,1.8976738642259243,-0.7280977185462941,0.04631853576684719
26.8,-0.9731660325482345,0.19012475928148953,1.7600869907158563,-0.6919593277239409,-0.04355222845104478
26.9,-0.9669038375427192,0.18600963492565298,1.8766636009646143,-0.7348497264231632,0.028823382295009026
27.0,-0.962312623527746,0.18186241820498564,1.8735428339671838,-0.7510889432256634,0.0327280396243701
27.1,-0.9692106257587606,0.18800022766638008,1.8455816551250315,-0.6965567276331305,-0.04811350024565897
27.2,-0.967032983935029,0.18703379398823405,1.8126099681653924,-0.7118621095829746,0.005422348533237198
27.3,-0.9651670957895481,0.18635886408825908,1.906253969408352,-0.780781101486092,0.003136687949822914
27.4,-0.9718252942023201,0.19059455598267033,1.8266982367331281,-0.6894344908800545,-0.02924857877895093
27.5,-0.9660799532016409,0.1849133876641109,1.8097714978067503,-0.7028692955596509,0.04543703741264338
27.6,-0.9670747158457201,0.1891885910566211,1.8835984481550023,-0.7476276840646482,-0.04071396650257242
27.7,-0.9664248755424669,0.18785394291345373,1.9303940504457153,-0.7958853518017004,0.012036980835237188
27.8,-0.9706205383164184,0.1881198489538357,1.826754397906591,-0.6906349376719843,0.0054572572170386024
27.9,-0.971452396666777,0.18844815662093473,1.800649207429991,-0.6888873102658453,-0.001657597240569686
28.0,-0.9670195344342558,0.1846045215830677,1.8483206708918793,-0.7177004138684695,0.029752923084203076
28.1,-0.9745507718878488,0.18661246998371067,1.859538913894189,-0.7668989983737017,-0.005644875086545653
28.2,-0.9721573707868792,0.1912414114808104,1.8776563762368699,-0.7633985889379522,-0.05042936656989738
28.3,-0.9701500235273945,0.18771826333212766,1.8270508777700012,-0.6923117373589459,0.03106270370526687
28.4,-0.9715909905364621,0.1892648346297598,1.8052053463213351,-0.6625690777694717,-0.012574253325432494
28.5,-0.9674189218663748,0.1866885956765689,1.8724274671516026,-0.7322143441138326,0.01756871940084892
28.6,-0.9668270501390199,0.18578976985260146,1.9031559657165713,-0.7772368327477182,0.00782511510500683
28.7,-0.9683230140202371,0.18676175876087064,1.8676003707898041,-0.75041990920379,-0.00681646671495173
28.8,-0.9682791586598577,0.18927986835000887,1.8026524198824645,-0.6937811952471489,-0.025145286229104613
28.9,-0.9694905361721988,0.18704763257522677,1.8350715208483581,-0.7085601012208622,0.024541723554207806
29.0,-0.9680706698387089,0.1860009225052588,1.8716117510710644,-0.7595238301247684,0.007697240456128185
29.1,-0.9661444446994061,0.18863141457746857,1.8809917003094316,-0.7447328911480747,-0.029934335617429753
29.2,-0.9702471080452554,0.18859185140701007,1.835752328883189,-0.7167516061193854,0.00834673286249199
29.3,-0.9640749244053943,0.1860269679743959,1.864250248983173,-0.7357541110504775,0.013648446683482973
29.4,-0.9718511292794467,0.1904320246182064,1.8007592866383229,-0.6966182147030398,-0.02879802791653674
29.5,-0.967956642274072,0.18706575584739382,1.8585258583915727,-0.7410209335659981,0.025911970881100643
29.6,-0.9611935860891943,0.18325864996247831,1.9067425123937725,-0.7607194217147509,0.025085876585588807
29.7,-0.9709364603775418,0.18816179246891646,1.825836002880982,-0.6963033338707245,-0.030249795231913623
29.8,-0.9658634774485789,0.19015229424637212,1.852101089355256,-0.7045713174718187,-0.02965559240927007
29.9,-0.9654262811080099,0.1879770298591061,1.8836552316201538,-0.7692348431503307,0.020841168363663343
30.0,-0.9693871797883852,0.1892528535510515,1.8533984818868487,-0.7556582409803183,-0.005014742824123175
30.1,-0.9654912426086875,0.1859620536052627,1.8162158754577487,-0.6916782822993308,0.025256558478226054
30.2,-0.9659938386290754,0.1853619081921299,1.8484056841516912,-0.6961220309655576,0.006957695495994898
30.3,-0.965314917258832,0.18479988070420406,1.885720359208696,-0.7685168925798366,0.00431416469247381
30.4,-0.9681625525604342,0.18774702481927547,1.8647617917529695,-0.747092852204035,-0.023921687780070755
30.5,-0.968403333333089,0.19298174380329103,1.7831169838884036,-0.6681537403165572,-0.05157927657389649
30.6,-0.9584968210667211,0.1989225358759666,1.745505260051053,-0.6805903645160787,-0.07929545549579586
30.7,-0.9575596931809737,0.2159207392044617,1.6694700265203808,-0.7567035918069547,-0.17150341791175805
30.8,-0.9479477413642763,0.2441691272967283,1.6368672792825711,-0.7910609466826791,-0.3031535941651775
30.9,-0.9389810707142904,0.28009445237425096,1.640789409432424,-0.7439393641319861,-0.37796168886226056
31.0,-0.9249562834405323,0.3200403124494126,1.6007976904193018,-0.8803614168682103,-0.4321925016395767
31.1,-0.9082795219562558,0.3707290593260926,1.5396684634195021,-0.9870481169434979,-0.5441421527361712
31.2,-0.8842755976321812,0.4286423654293352,1.487839993545529,-1.0069510334589573,-0.6383760418584217
31.3,-0.8521779220022405,0.48575937272347225,1.3796839754765373,-1.144539973081844,-0.6672045239126234
31.4,-0.8109015287862629,0.5485229108110145,1.3301491584670027,-1.2310892250073275,-0.7665103067777324
31.5,-0.7661930681454983,0.6141647981466343,1.1605499831991186,-1.2784920009433176,-0.8096795910201138
31.6,-0.7045518518307069,0.679462800385805,0.9894077538632962,-1.395697926504744,-0.9156899049019884
31.7,-0.6310441607478423,0.7475810444144636,0.851674620916433,-1.5159110428356612,-1.0245649839578164
31.8,-0.5490629550400207,0.8138515991668552,0.74887781955569,-1.525510343964037,-1.0755994503434607
31.9,-0.45441913771232556,0.8693678487626869,0.47976100459272397,-1.5888251919762462,-1.1186470389083425
32.0,-0.3378960437629632,0.9155620641043509,0.343529669726109,-1.6822275854600701,-1.2809115128482418
32.1,-0.22027906185211585,0.9530568320555662,0.10550320432229265,-1.6481108844444994,-1.2641122580379616
32.2,-0.08554967881309761,0.9736523492933351,-0.1652419641365811,-1.6259679514902643,-1.395007512969073
32.3,0.05454096567115041,0.978559453369547,-0.37623874527669643,-1.5938143407647847,-1.4331800603508782
32.4,0.21018297177620598,0.9543174313892231,-0.5559653853483343,-1.5069059850676405,-1.6110494369332073
32.5,0.3530913689599089,0.909893387363121,-0.7905675567229391,-1.4169133577456794,-1.5338599974487366
32.6,0.4943077985568971,0.8454368651384063,-1.1488034930530509,-1.2826836440507443,-1.589073509914165
32.7,0.621077095786625,0.7564838305699109,-1.3763178968652816,-1.1145497081757336,-1.583416937302431
32.8,0.7344131594464671,0.6529323098140234,-1.4915438046381881,-0.9025006739752331,-1.5664389506414267
32.9,0.8284235978437334,0.5291878693774391,-1.6014516906071221,-0.7190694171834598,-1.5828047615968899
33.0,0.9009337848260558,0.39127638722058544,-1.719199749715435,-0.4143486243696538,-1.5873142404738516
33.1,0.9517663216897471,0.24839475957466836,-1.7383703333985165,-0.08717779857851948,-1.5443364961212325
33.2,0.9773929939584127,0.09356830087039136,-1.7268558971156374,0.12181140584801109,-1.5984685499418205
33.3,0.9838266065195685,-0.059585659227527454,-1.6700882209378594,0.36640396315869006,-1.559329832538694
33.4,0.9616285238887123,-0.21537893666001057,-1.6237763886641385,0.7138506322136945,-1.598455117231552
33.5,0.9162497741391462,-0.35870781609863367,-1.4375929121954174,0.9130064574592753,-1.5281680075325
33.6,0.8457595641943393,-0.49658695996468316,-1.3168432866446114,1.1056289859717487,-1.5776308605372336
33.7,0.7565297839523313,-0.6204369399565413,-1.1296034202772856,1.3264068503199484,-1.5596615459744
33.8,0.6514546244374091,-0.7334666124291773,-0.8734132297842979,1.4691885404308114,-1.5766402162167026
33.9,0.5278017026588873,-0.8272077435063286,-0.6514149566994187,1.5642784979710567,-1.5831929631737296
34.0,0.3892346722764205,-0.8979389873413718,-0.40657879604166325,1.7102772113109057,-1.5890251576281855
34.1,0.2479146100583106,-0.9473378355139629,-0.10058588889362996,1.7570567515432105,-1.530715291706457
34.2,0.09396461097491049,-0.9765860362694893,0.15467656731314527,1.7139904798256338,-1.6003393743056904
34.3,-0.059538189409920006,-0.9803595348690908,0.38590305506840805,1.6333345359815126,-1.565786357472767
34.4,-0.20981929251413595,-0.9598589092179285,0.6858773290608148,1.591298643616999,-1.5455223843305177
34.5,-0.3606290578854384,-0.9103980966535512,0.914373279922757,1.5049128849941755,-1.6195042182813424
34.6,-0.49509218571757885,-0.8452477298229009,1.1914457489086838,1.3174618001788068,-1.5270624392291765
34.7,-0.6207470932387643,-0.7564287135503325,1.3176777483388782,1.1626248929127212,-1.5732806673951671
34.8,-0.732286493659994,-0.649027031813643,1.5300851441830978,0.8782998167402845,-1.5840745074921259
34.9,-0.826208229942182,-0.5302462648870413,1.6730670192761756,0.634667908049537,-1.5461847768944281
35.0,-0.9000603953754754,-0.3873731181621255,1.6588748616469073,0.4463936206330115,-1.6415343171862062
35.1,-0.9495510481055304,-0.24435072668327257,1.7290749375225443,0.164117029536207,-1.5455529916410882
35.2,-0.9769034848149138,-0.09528860589675664,1.7434976191530769,-0.14924483927485965,-1.5463434095883244
35.3,-0.9773380451518362,0.05820347701968853,1.6722354260618393,-0.43907770010979175,-1.5671669285987377
35.4,-0.9557905640100072,0.21096778175547237,1.5941885324209983,-0.6579210226797975,-1.5775982464869287
35.5,-0.9110501109123488,0.35999861297523433,1.4893574408075942,-0.867352843534928,-1.5907303126597583
35.6,-0.846574314381789,0.4958264751999655,1.3213364644208054,-1.1784266021791965,-1.5351212156711114
35.7,-0.7567241912200855,0.6204344177470328,1.1229869625496212,-1.3573379831528034,-1.5692710189756554
35.8,-0.6490103398514397,0.7325331771596412,0.9187466220425131,-1.4540342942999454,-1.5902595350587845
35.9,-0.5291932246157652,0.8244238081965518,0.6543196937673316,-1.5714047710569221,-1.5435934797785933
36.0,-0.39097422051207514,0.8937403501044289,0.396937056209139,-1.7650313699110751,-1.5828061211020383
36.1,-0.24982549966624362,0.9445438771972563,0.12218401221077269,-1.683211692576055,-1.5380332931788487
36.2,-0.09675100062503317,0.9734423764748201,-0.1332494768777125,-1.7194885273303764,-1.5950696393467823
36.3,0.05891032310765493,0.9761465902585829,-0.4138872794206968,-1.7523356862818207,-1.5934199437024077
36.4,0.2114100758123474,0.9569140713512831,-0.7244256069881033,-1.5925629571758364,-1.571594849697746
36.5,0.3585687008172793,0.9145185427095064,-0.8803473314978719,-1.4645408772488295,-1.5622799685436561
36.6,0.49914511945246076,0.8429030279874523,-1.1098365626208628,-1.31390895049051,-1.6098084648986344
36.7,0.6200281311136636,0.7569684182754146,-1.353493193116383,-1.1440118167146445,-1.5163045285618892
36.8,0.7337942180869941,0.6485889057717339,-1.4837472394861477,-0.8890391668270936,-1.606812795258321
36.9,0.8243390541922919,0.5272196602109012,-1.6383471717757565,-0.648810498812235,-1.5483388921591157
37.0,0.8965243255198486,0.3938806744991819,-1.7111982451370822,-0.3627094244134653,-1.550502514921277
37.1,0.9499100100870574,0.24399336593618848,-1.728029606880563,-0.15805830505022167,-1.6253123231261668
37.2,0.9772622843442451,0.09572202680257191,-1.7082893059633444,0.14434864167609707,-1.5378641163946583
37.3,0.9775820918878786,-0.05839828663848007,-1.6862989862159283,0.39153257162113153,-1.57304283886738
37.4,0.9553293097041546,-0.21200375300370344,-1.6139871116610705,0.7075020292568434,-1.587114383833672
37.5,0.9144428358835354,-0.3572241079568983,-1.4475023827635027,0.9251159657052548,-1.540392969029476
37.6,0.8418808483391762,-0.4992194909333226,-1.3233026670141945,1.098619927360039,-1.628253080439812
37.7,0.7557287040773859,-0.6209412113161431,-1.1267877965069697,1.2969728761698351,-1.525582563281489
37.8,0.6501361560899391,-0.7332724966864385,-0.9184396763581233,1.5361310538599868,-1.5762039532462424
37.9,0.5274855471429462,-0.8246701219882328,-0.6116748069443684,1.611803253843664,-1.563228556197629
38.0,0.39247742718893264,-0.8994432462231329,-0.382340427513999,1.6896208404598707,-1.5760240706070405
38.1,0.2455797821901704,-0.9522335885589422,-0.16088730051927536,1.7273211015173142,-1.5905101577128988
38.2,0.09327610189011543,-0.9762718903911114,0.14796707853087931,1.7708700372054573,-1.5714476405226563
38.3,-0.057990039680338834,-0.9803487777840891,0.43085964234809193,1.6678587285040436,-1.5433763121454547
38.4,-0.21358705681804607,-0.9593480107443241,0.647246496078582,1.5810012334821915,-1.599812484491565
38.5,-0.3614634196133622,-0.9186125200214647,0.9240752789470859,1.4826864836639642,-1.5581554263815889
38.6,-0.501649430795221,-0.8433035969670933,1.1629932287694995,1.382795123245487,-1.6175273826475234
38.7,-0.622993795304761,-0.758251614813099,1.3364798049977407,1.101163419911269,-1.511517027608491
38.8,-0.7375289104947845,-0.6491667149365916,1.4881842299784882,0.9105014971219263,-1.6124869155003907
38.9,-0.8291358545511772,-0.5272815653935534,1.6091056339598582,0.6799983212403157,-1.5533438084715456
39.0,-0.8991528683607846,-0.39045750883813507,1.7183298761201762,0.3631624967710899,-1.5674874009079787
39.1,-0.9491959581440739,-0.24630517725463869,1.7074186522088786,0.13663847186952316,-1.5579103960240204
39.2,-0.9760209214348852,-0.09164506557914953,1.7419784623784196,-0.09789882261071126,-1.6026651032341732
39.3,-0.9781425582457753,0.05854611537920773,1.7054083839777352,-0.4166666951459951,-1.5340517695515743
39.4,-0.95671374595325,0.21411496889291232,1.615222040139646,-0.6788923353375571,-1.603913381015758
39.5,-0.9140386084028242,0.3607851626341658,1.4386198835144741,-0.8680375042404846,-1.5576805412443662
39.6,-0.84440536521675,0.4976348204161132,1.3014280902162005,-1.128976706025485,-1.565957575699457
39.7,-0.7549776536008261,0.6241710303275553,1.1693761945136367,-1.337745141915162,-1.5829691827249803
39.8,-0.6501902396669919,0.7357071707898013,0.8954116099346785,-1.468920255987459,-1.5618999894349628
39.9,-0.5292235201551737,0.8262986623216637,0.6526844312025362,-1.6281298666012898,-1.5412121033052983
40.0,-0.3879788989966058,0.8980001782931839,0.4038432981760147,-1.7110247209462939,-1.6182507005930802
40.1,-0.2465255479442242,0.9506156802576717,0.12180751923286115,-1.7462660595158357,-1.5408219444505633
40.2,-0.09214976875986253,0.9761780252257786,-0.14950882826727574,-1.7013756152915924,-1.5962310960407677
40.3,0.05995294515823346,0.9783261503954441,-0.39251439800233945,-1.6739279242458927,-1.553242246817419
40.4,0.21483063402916724,0.9589156674326846,-0.6766268322043101,-1.6074797800438336,-1.5919111005972297
40.5,0.35899440195654675,0.9095974557619436,-0.9402314002294977,-1.5193999269497378,-1.555108066673796
40.6,0.4977730207991261,0.844386961463371,-1.0943288736646157,-1.2882829287345656,-1.5676268576053687
40.7,0.6253459454629213,0.7568409402399665,-1.3053471059821813,-1.139093998238751,-1.5787895680963615
40.8,0.7332231810089672,0.6488804768412393,-1.5412987031948537,-0.9004856141697432,-1.5579929132323755
40.9,0.8271129818591316,0.5293257741643043,-1.613824270507778,-0.6211642325442868,-1.551584394793295
41.0,0.8992029679710889,0.39033021945349,-1.638792340688302,-0.41305718805273794,-1.5975022393519112
41.1,0.9464708176303225,0.24713327190579493,-1.7455562904388153,-0.15977818687156164,-1.541324420807051
41.2,0.9744615119113205,0.0939929347146985,-1.7682283601908206,0.1660033158059374,-1.5924896207760852
41.3,0.9730455685217113,-0.056196501649151354,-1.6576183846059638,0.39909154119916446,-1.5384792811360626
41.4,0.9559621434999814,-0.21035291747734874,-1.5712351197234604,0.6385648431810903,-1.5890233466234704
41.5,0.9110202114380136,-0.35735603131351945,-1.499927930455897,0.9349380485788191,-1.5722402836190952
41.6,0.8423013158067867,-0.49864397192067744,-1.2852718883903285,1.152947313101165,-1.6070229445754336
41.7,0.7561116612696281,-0.6247740919764705,-1.1259403756439388,1.2840960895755034,-1.560545262018671
41.8,0.6471052355452405,-0.7344035761291388,-0.9186633130215847,1.4957205711087023,-1.5793252709739392
41.9,0.5273443594340267,-0.8256082392362548,-0.6483260021633651,1.6230023699391187,-1.5387668075216254
42.0,0.38922508113441795,-0.8982007163542685,-0.4241063829975785,1.6750822572071622,-1.5950251055172515
42.1,0.2447064024712572,-0.9498685559114632,-0.11215644313645856,1.720574047945865,-1.5677358169246247
42.2,0.09440270553727403,-0.9763616251496412,0.171517891843448,1.7101417160120271,-1.5575008186323913
42.3,-0.06309502646598703,-0.9787517645576065,0.4004555839273611,1.6969912992658105,-1.6076434963062525
42.4,-0.2141704188588981,-0.9561609307835852,0.6969185383657897,1.6005187864153898,-1.5597712185368096
42.5,-0.35605730989283224,-0.9143113066028116,0.9505627894612311,1.5092994883058972,-1.5100560108704997
42.6,-0.48651507431153934,-0.8518192027959441,1.1823627033547732,1.427207373717415,-1.4757635821759152
42.7,-0.5990237276907285,-0.7819185810637527,1.3990841504612255,1.2584307877939604,-1.347876381063955
42.8,-0.6955420143074251,-0.6928333050569672,1.5652245355441656,1.0912000327536464,-1.3362672121419195
42.9,-0.7749919972648349,-0.6075112285120158,1.7155721136794488,0.882935272566153,-1.186046867047068
43.0,-0.8324625972378399,-0.5181875284303081,1.8007219652900266,0.7409878033379856,-1.0806063984598069
43.1,-0.886970465944366,-0.4251715834464027,1.8567259848761424,0.519440550533126,-1.09788189547821
43.2,-0.9252752382000717,-0.33847460948676666,1.9405812822948139,0.35580779978961696,-0.9630452488372754
43.3,-0.9527753460211038,-0.2568490515075873,1.94081824160344,0.18447280952892064,-0.8736892565369914
43.4,-0.9719211998560597,-0.1802632186972113,1.9397057479620325,0.04855855785695551,-0.7993304412453739
43.5,-0.9838460505586643,-0.10716819530813004,1.987763082982477,-0.14842579859888838,-0.748871312886692
43.6,-0.9885188577700996,-0.04525009020771836,1.9628229020289265,-0.22993347564482725,-0.6275631760032496
43.7,-0.9915931937924084,0.010516851579284225,2.0195948081877506,-0.3935961492970149,-0.5634933077597282
43.8,-0.9908098783342797,0.06445473453619405,1.9576302656062936,-0.4720491744842674,-0.5435542730722176
43.9,-0.98783481448603,0.10533501814767665,1.9746148634804706,-0.5414293335169907,-0.41269758564219217
44.0,-0.9808096727947841,0.13839825639185657,1.945987317694378,-0.6757387997566269,-0.3394983961972997
44.1,-0.9750245949362235,0.16704557283501972,1.8727627374004572,-0.743429832928564,-0.29496501499572503
44.2,-0.9726252246519582,0.18091379194902885,1.9100149450951878,-0.7499117361499121,-0.14226822836334918
44.3,-0.9663672450711263,0.19144225972331189,2.029839390179394,-0.8078534653741194,-0.11668892073480208
44.4,-0.966891769239727,0.19655690127082961,1.9722213907463497,-0.8304432591623021,-0.04981642781864082
44.5,-0.9715299364111317,0.19442292846519568,1.8883468123193976,-0.724158578304123,0.0304320561502891
44.6,-0.9673397309533762,0.19528368212228933,1.8353078653242392,-0.7081174768517099,-0.01688457647738062
44.7,-0.9678989081071218,0.19160530547870752,1.8339585055427623,-0.7678381652959244,0.03766461856336889
44.8,-0.9675002393148343,0.1890981824913474,1.889308249607179,-0.7331101580880311,0.02416275571583526
44.9,-0.9638340259404159,0.196535656494104,1.8717007794605445,-0.6630432994589376,-0.08135576075765982
45.0,-0.9691982417349445,0.18726291321103866,1.8240749738138418,-0.7674394893741299,0.10290222607096666
45.1,-0.9688369975931471,0.19295183659069537,1.8366748353668936,-0.7103279937577194,-0.05723640535578056
45.2,-0.9655520000930571,0.19633246681736602,1.852613150462159,-0.7087205950177672,-0.04016154678346595
45.3,-0.9676026785250376,0.18693957994824484,1.8721005570978977,-0.7503704760688847,0.09754787123839037
45.4,-0.9623968061671129,0.1936033105725611,1.8409894522792842,-0.7385823462382957,-0.07670876664185755
45.5,-0.9681224885573063,0.19386401830938604,1.8158561932616577,-0.6821740391780532,0.008848139526946852
45.6,-0.9676437557715284,0.19144508422822681,1.8964659682722687,-0.7165763786597578,0.023092552883952067
45.7,-0.9662664954238058,0.19300514813628494,1.8310372877877912,-0.7802213165384376,-0.01824426036030502
45.8,-0.9681643442448364,0.19053092583068,1.8158065554035208,-0.7731163280776374,0.02835654722758818
45.9,-0.9615413215012539,0.19466215161905637,1.8816275466688601,-0.6713159595988811,-0.0543537198334576
46.0,-0.9678297427329016,0.18936149114776932,1.8496986203825023,-0.7284924696424215,0.06533363327839936
46.1,-0.9692525485279626,0.19151081925354257,1.8322990376748893,-0.7629474804340839,-0.01858451857486898
46.2,-0.9652897256030384,0.19178623975851258,1.8241857820766865,-0.7064400001155291,-0.010550594622600329
46.3,-0.9681749476733255,0.18708570601400315,1.8058926177189898,-0.7344934661441228,0.0524568726708452
46.4,-0.9641849691164219,0.19180608373726127,1.8803550242729583,-0.6913243123681901,-0.05484479426620226
46.5,-0.9636365181364328,0.18938467475844342,1.9236165190312713,-0.789520921884629,0.02309273707517434
46.6,-0.9669099892834082,0.19053100493107544,1.8198112571091813,-0.6913467974293632,-0.005008096364846892
46.7,-0.9635204515860262,0.18847016821593396,1.8161217603811972,-0.7151231391963839,0.013920055233498374
46.8,-0.9653583230515904,0.19007298002980155,1.7968438837550527,-0.7717927000501492,-0.012401657332929972
46.9,-0.9669781527086617,0.19306804777881179,1.8802068210706622,-0.7008084128519457,-0.026628341901684394
47.0,-0.9636190264166301,0.19442890151534134,1.8780589558401974,-0.7519819312531284,-0.02026595498882955
47.1,-0.9675313168935664,0.1912770805113369,1.8239788339901686,-0.7450636468089775,0.039171880963806416
47.2,-0.9668048679437821,0.19390493543474385,1.8393201481574963,-0.7292500788634608,-0.02757293949308348
47.3,-0.9633585830146705,0.19302130395750405,1.8109244748252131,-0.7275099257138073,0.00192037680228907
47.4,-0.9688204420852938,0.18935926387001265,1.8600112892529865,-0.7562061347196979,0.0472441670476087
47.5,-0.9632767221721629,0.19721596252565218,1.9160155938455818,-0.7168720285259416,-0.08923730090131698
47.6,-0.9678836302151115,0.19042920615079154,1.838544797816934,-0.766701620208668,0.07677048031737854
47.7,-0.9713115728683425,0.19142240349929543,1.81204281797631,-0.7008245194972196,-0.00315921405118047
47.8,-0.9621556676746179,0.19584536061216992,1.875128982382426,-0.7044980754216454,-0.06222607626739318
47.9,-0.9693435765290026,0.18971965293083543,1.7838693756709978,-0.7981087413882239,0.07528718396336842
48.0,-0.9627706771181699,0.19470902665612516,1.85912679541295,-0.721139098895546,-0.06270225520900397
48.1,-0.9634432751235349,0.1942084547836034,1.847064781529097,-0.7390514816027443,0.0063487018660168815
48.2,-0.970951752419432,0.1897874719884381,1.8790605253998525,-0.7078930057392385,0.05880304674889203
48.3,-0.9668355413306483,0.1943584830928412,1.8452689014764951,-0.748089857167763,-0.05349719455921331
48.4,-0.9662055155380063,0.19239527622827604,1.814674580734006,-0.7612481884245741,0.018276314235947666
48.5,-0.9687005767535629,0.19537324817978036,1.817398694768853,-0.7186455785430612,-0.02462414220786968
48.6,-0.9613247268017457,0.1956296471211419,1.9247239480288467,-0.7337018265597008,-0.017426420388062525
48.7,-0.9684687351893976,0.1898120501660781,1.879308634701583,-0.7915260736510379,0.0722004695053613
48.8,-0.969310790907221,0.19780447305140517,1.7452262406008117,-0.6644977271123949,-0.07764501072074381
48.9,-0.9656872388630178,0.1932811972191285,1.8078193248921175,-0.723081989254895,0.0376449978813298
49.0,-0.9675035219373547,0.1933712824744055,1.8780786359129453,-0.7514657989772313,0.0027175505466914274
49.1,-0.9703620919052424,0.20029445072658186,1.8936522731636032,-0.7237659184508067,-0.06286410832025524
49.2,-0.9725215128195454,0.19330786133551553,1.8796154878845615,-0.7673845546234254,0.07340992296505533
49.3,-0.9688201020255308,0.19592123310720988,1.8130639352956026,-0.7235691778761963,-0.03323288212598641
49.4,-0.9697580409960279,0.19382511104337175,1.7533782552200061,-0.720457506426482,0.022655075899606913
49.5,-0.9660934018389952,0.1921019202843381,1.8936786587316954,-0.7276042133785972,0.009863133371013078
49.6,-0.9627771656579177,0.1942697331599456,1.922540164527944,-0.7564537417578432,-0.028232481553303046
49.7,-0.9688105588711068,0.19321460445677885,1.8034593294273125,-0.738306210478924,0.02254963315500902
49.8,-0.9685290540774527,0.19419347656131133,1.8197041755898142,-0.6990634777211067,-0.010275556083243487
49.9,-0.9652272975792098,0.1943045112483458,1.8250941159764966,-0.7341971792646795,-0.007698257898525185
50.0,-0.9693476432330635,0.19268176587196745,1.8610764225579628,-0.7423496669695046,0.024323959399410455
50.1,-0.9604625327510192,0.19717846533080285,1.926255443446819,-0.6890449923602546,-0.0626490374946087
50.2,-0.9673251448551504,0.19381326682109223,1.8011323327737272,-0.7633594251320327,0.04740301924556434
50.3,-0.9718842100223672,0.19166051176189508,1.8195008599746068,-0.7602430595012172,0.03034984191224055
50.4,-0.9638653591362103,0.19586943441097135,1.8445611834852822,-0.6739618315593436,-0.05775824213579028
50.5,-0.9679952142263105,0.19155456078531619,1.84450019913278,-0.7605378649143898,0.05118637981105678
50.6,-0.9634259326666217,0.19276158261909015,1.876761526651428,-0.7449121122157077,-0.021079125497323048
50.7,-0.9644471448561627,0.1956231011362117,1.8176711601912034,-0.7285720997342662,-0.026476908903347862
50.8,-0.9693171352260171,0.19416284999868613,1.8986631938679308,-0.7110606787734941,0.024269336816828968
50.9,-0.965831214207003,0.1936818904388924,1.871283302373807,-0.7409380337489642,-0.00216300531249658
51.0,-0.9684260970175154,0.19338581860993734,1.7939698201231211,-0.7819841438574514,0.008105920564247526
51.1,-0.9640268105113379,0.19565632865205396,1.8503048618386466,-0.7169744723001737,-0.031392727360497474
51.2,-0.9635375045448673,0.19527656754186073,1.8757033289759981,-0.7027668008805309,0.0027956654435001838
51.3,-0.970463182331851,0.1934120163203991,1.8505282657702486,-0.7318265648653792,0.032368689149109287
51.4,-0.9647558891479976,0.19434132377483687,1.8376028918394838,-0.7443977540300669,-0.02059576935721452
51.5,-0.9666707275059372,0.18966682742868315,1.8474361364119138,-0.7533562272470139,0.050356197151728566
51.6,-0.9670993288621227,0.19163321075232964,1.8342038491235795,-0.7149318077215736,-0.018734834370732756
51.7,-0.9622853606682686,0.188304361511508,1.876955991863505,-0.747760832716524,0.023758989096833716
51.8,-0.9656641391323162,0.19223459097943818,1.8578871212287316,-0.7012706540843227,-0.03258351014295613
51.9,-0.9651428720838938,0.19143527467791438,1.8284064672828801,-0.7075160792939533,0.006932931587186886
52.0,-0.9628678751820254,0.1898712986298804,1.815028919068695,-0.7748630620504176,0.011121438963499486
52.1,-0.9669093765113281,0.19352082561184086,1.8531637718957399,-0.7441844883871567,-0.02838170738549195
52.2,-0.9648241605384834,0.19554260259349737,1.905887495403748,-0.7026746884827293,-0.02429492345910944
52.3,-0.965311965713036,0.19414153252580763,1.8316329937651155,-0.7528765367953579,0.014929775445651217
52.4,-0.9683680848179514,0.19313571448033362,1.824889936382208,-0.7545597413579146,0.01608855281375554
52.5,-0.9633998996591739,0.19398872391323357,1.8204632750736465,-0.7098540620604058,-0.018400392126025622
52.6,-0.9670772005974788,0.1922728835101311,1.831624093389602,-0.7411005868650065,0.024421439142230383
52.7,-0.9641995113655437,0.19653540094106373,1.9268914370734018,-0.7162862521266984,-0.04818839220540383
52.8,-0.9628776110444647,0.1943456105881733,1.8453847761582396,-0.7455124799126479,0.019155686389424886
52.9,-0.9740083269586945,0.19266562446061591,1.7775231008982577,-0.7497284509320739,0.03876580618850767
53.0,-0.9634387767732252,0.19498827532598145,1.9001537491985672,-0.7423169025757106,-0.04404505064918851
53.1,-0.9652166939441493,0.19262357223628085,1.8152481025713616,-0.7621495176872644,0.027131263696134056
53.2,-0.9660210958819211,0.1962180807841049,1.8464503723139014,-0.7107960924011487,-0.03416270473977079
53.3,-0.9593993967289851,0.19607709910035873,1.850610392569411,-0.7217619458428465,-0.012049483791258808
53.4,-0.9700438136440871,0.19282279572333008,1.8603528761377004,-0.7680534769931107,0.05378861341377217
53.5,-0.968949534373874,0.19472118898918736,1.8784250521328056,-0.7105190949004829,-0.020998324502343735
53.6,-0.9665252405164055,0.19224954714264086,1.8065157266824963,-0.7706859120706024,0.019742633933077514
53.7,-0.9699142615084673,0.1930571019096648,1.7667679426987934,-0.7310740746115817,-0.0013235109318543437
53.8,-0.9629926415457566,0.1956610725971183,1.8744842855872113,-0.7223281436535758,-0.03973965308659899
53.9,-0.9691593020489498,0.19220040998182852,1.885773717001601,-0.763390806692307,0.04675185607773358
54.0,-0.967678030525325,0.1964073884152279,1.7853421015029265,-0.7229484249479338,-0.044710710196653736
54.1,-0.9664793296151641,0.19822083041166727,1.7861236989709715,-0.6957548245938334,-0.020430244243172524
54.2,-0.9674651453459445,0.19379796971385652,1.868346031818638,-0.7650712727413744,0.04591896740663515
54.3,-0.9679117443031906,0.20082613174391023,1.906413869800596,-0.7102756716816402,-0.06882565964630771
54.4,-0.9720442481714332,0.1974519276275592,1.8673350697222548,-0.7019164007067458,0.04177251780888014
54.5,-0.9704445393306904,0.19574694272207976,1.8219626262605382,-0.7256149203382156,0.013660909119863618
54.6,-0.966415165495138,0.20421222017910676,1.723738867054569,-0.7110685466921836,-0.09207735573482978
54.7,-0.9638451568374089,0.2105317457843033,1.7477920234237057,-0.7470916441424118,-0.06805777085034492
54.8,-0.9553650052691333,0.22547982749045992,1.8422714862627854,-0.7676420591283146,-0.16721634169194033
54.9,-0.9537998057303935,0.24268067435414908,1.7193259648609478,-0.7991105221818099,-0.17376032462550484
55.0,-0.948389016546487,0.2654347962166176,1.6154049763747156,-0.7497122643274414,-0.23748092442147595
55.1,-0.940624980164815,0.28869667386065484,1.7142978318339113,-0.8133389421700492,-0.24896209334777097
55.2,-0.935509331676606,0.31749167635030995,1.5997667496467214,-0.867103926078424,-0.293879094245284
55.3,-0.9192762831223916,0.3458236861102538,1.61383460002385,-1.0073767521716526,-0.3263340921173352
55.4,-0.9032972429341314,0.3864928273215024,1.6169553036369193,-0.9875912863557403,-0.44483510514723434
55.5,-0.8852002112753713,0.42086321651660297,1.5747204533237786,-1.0638439965623474,-0.3951247109544198
55.6,-0.8688918391895541,0.4584757781366408,1.4571371226665182,-1.1568967551022487,-0.4171603024187931
55.7,-0.842698749652952,0.5022652437976858,1.4073342993634583,-1.228523008209479,-0.5196118473623557
55.8,-0.8122649260815731,0.5435652532949825,1.3807646242760085,-1.337414785850845,-0.5226449528993982
55.9,-0.7844846706898223,0.5882489172241292,1.242487774932128,-1.3271753871526712,-0.5365529170126848
56.0,-0.7453240241251505,0.6386790499544907,1.1425530543202647,-1.3776167124430552,-0.6508706239557682
56.1,-0.7009576983032001,0.6892612384445617,1.1231134287289497,-1.4249271305113758,-0.6849028475945573
56.2,-0.6506957504110389,0.7359678797185206,0.9533788217152832,-1.5374160725541943,-0.6983031455237665
56.3,-0.5946488131779218,0.779539693692368,0.8368474663778469,-1.5289592456344256,-0.723252177140381
56.4,-0.5347791739907092,0.8206016231866704,0.7204229362121262,-1.6627084372601482,-0.7409236044936307
56.5,-0.46234237202583994,0.8656843785285824,0.6358308542684602,-1.6513179051914821,-0.8702710935272506
56.6,-0.3894208164970933,0.9043290449273771,0.43550551059453124,-1.7193461775646228,-0.8391643116545566
56.7,-0.3102577508219246,0.9346463083906936,0.30879524987940477,-1.7084816988207054,-0.8611304812937703
56.8,-0.22423082259176633,0.9547328551993506,0.1055244529391729,-1.7795171051920302,-0.8982534693271305
56.9,-0.1295955273071712,0.9688095784174251,-0.05439374393150531,-1.7862512581415082,-0.9770314362975085
57.0,-0.02947014698362621,0.978204856180722,-0.30012188556444264,-1.808340781873351,-1.0286073257681494
57.1,0.06922906615674729,0.9761135085004945,-0.4529634231311378,-1.7229707189953376,-1.0092226724832898
57.2,0.17523780859389915,0.9628270705373052,-0.6062556890835251,-1.6306144201657073,-1.0922818061584394
57.3,0.2879796990866266,0.9363409815580239,-0.7749199154044464,-1.557687150070376,-1.18343968097534
57.4,0.3940822676277448,0.9010963576774413,-0.9057013343493745,-1.419527000957526,-1.1389638361671928
57.5,0.4981536459514378,0.8431347440445026,-1.1057206727651185,-1.3150658654548049,-1.2138024284568871
57.6,0.6002900547117839,0.7737282798808303,-1.2672591786574476,-1.2165867202389733,-1.2618183168119401
57.7,0.6907315703538366,0.6944881337488634,-1.4185112299005525,-1.0014836811979602,-1.228510605202473
57.8,0.7795207204862586,0.5905746202383826,-1.5085079446641365,-0.8447284179632202,-1.3975473112355985
57.9,0.8509254485715713,0.4854863775540616,-1.6186889058732008,-0.5766659840300135,-1.2987986054609735
58.0,0.9098135017098444,0.3590299571461142,-1.702345398119419,-0.4077430603960197,-1.4261621088481746
58.1,0.9510931910419869,0.229214744118973,-1.6842350522590448,-0.11707453294841808,-1.3936766417280921
58.2,0.9786585956933875,0.07931880228183097,-1.6499126467405556,0.0733444651421784,-1.5561985823600821
58.3,0.9766560401592799,-0.06371870882249692,-1.6663395152263973,0.40678097027621885,-1.4602109938662267
58.4,0.9536779249564333,-0.21645513613362716,-1.5556233449388874,0.6322638474153202,-1.580382068229369
58.5,0.9101078690613273,-0.36390962741414257,-1.438040210859035,0.905160672154947,-1.5719231372845144
58.6,0.8397934905903992,-0.5018796245841017,-1.2850733646906667,1.1286555934404672,-1.582897287056042
58.7,0.7496878187907432,-0.62960019515826,-1.1306442592216988,1.3165890102880269,-1.598825974766882
58.8,0.6422421667635148,-0.7403772580613306,-0.9250066619936883,1.4871441476645297,-1.577047668092817
58.9,0.5207497416991751,-0.8296066344993028,-0.6887498341173577,1.6293636642384903,-1.5399591111036415
59.0,0.38209401981697977,-0.9029877840230786,-0.38182462491417063,1.7139767876489755,-1.6024572807512527
59.1,0.24225938970546418,-0.9510047304622424,-0.08982971826871966,1.7007541378142756,-1.5086241721317606
59.2,0.08697304069915929,-0.9801128795737297,0.10705551646959632,1.733230613974121,-1.6092932402304427
59.3,-0.07004788245406751,-0.9778105426247797,0.40665384169452545,1.7350440835888596,-1.6002126424891117
59.4,-0.21939510780800187,-0.9577929521111408,0.6779836798133092,1.585783769559086,-1.536631532769377
59.5,-0.36998853381920527,-0.9157251268464462,0.8794532464782665,1.4530188815055671,-1.5880483190505146
59.6,-0.50636759331814,-0.8455038779874304,1.1181342195909616,1.3456947170256286,-1.5562291671673023
59.7,-0.6314924109139264,-0.7553480655466784,1.3325647540678964,1.1210175156804036,-1.5672047115264576
59.8,-0.7419543182454461,-0.6437922924151582,1.4542122430515387,0.8955627314535012,-1.5979027615163943
59.9,-0.8317049045439292,-0.5212563207895685,1.6021786194387015,0.6999865219768485,-1.5483533005062355
60.0,-0.9014163104467272,-0.38438958970087855,1.7127420191953253,0.42045719511367236,-1.5676407563150008
60.1,-0.9518447987536028,-0.2400504738397936,1.7224825340980072,0.07417915883962767,-1.5603651158638598
60.2,-0.9789869236815674,-0.08622802920777245,1.6889790060300633,-0.10055104251695035,-1.59191328763292
60.3,-0.9764173649610842,0.06782358919816489,1.7516639911049752,-0.4268977512714214,-1.5720240761559268
60.4,-0.9554001940751576,0.2181242066064097,1.5985925138305284,-0.6784487144967545,-1.551092256883635
60.5,-0.9119731096625538,0.3665069782441234,1.4464858850322895,-0.8903447099973667,-1.5766954906641217
60.6,-0.8381792900968931,0.5046705682235073,1.3549978362561304,-1.1088224079328486,-1.598355947697101
60.7,-0.7543766088537412,0.6277622864559727,1.1149869915158095,-1.3530378526590119,-1.520809567803667
60.8,-0.6444780096052155,0.7440746195517797,0.9064966887000107,-1.4443331402330537,-1.629568492916178
60.9,-0.5206970962656636,0.8305611502053387,0.6526685384121378,-1.6022362722204144,-1.5381359853122945
61.0,-0.3843687722498013,0.9011692212102294,0.4382945399562733,-1.7035122164479901,-1.5682092208950849
61.1,-0.23752331702029877,0.9518473028082748,0.15793170958940217,-1.7443751000266294,-1.5861432201737102
61.2,-0.0878426763569663,0.9765516441106358,-0.14924316044511698,-1.7035534906255276,-1.5483456244236748
61.3,0.06658875061896585,0.9783998293723529,-0.4083124791442757,-1.6659441902751824,-1.5766450215697603
61.4,0.22169090641427797,0.9549167091827657,-0.6255620609196024,-1.6259729357929507,-1.6016231274930703
61.5,0.3661998639384558,0.9102565599012694,-0.9093702410447632,-1.5105002773936107,-1.5437465911781345
61.6,0.5059849783354691,0.8390211683794174,-1.150816414011368,-1.3242743635680378,-1.601797086634278
61.7,0.6260815576582084,0.7534410348051599,-1.331583855772934,-1.0853464366908792,-1.5066698654555921
61.8,0.7426987965955072,0.6445159268826247,-1.4425825417737235,-0.9397907156081605,-1.6271960685404707
61.9,0.8300770281428607,0.5202027853681399,-1.6043427229723428,-0.708215038868109,-1.549237705411457
62.0,0.8992229809862587,0.38701322783349046,-1.6629664747857849,-0.38030839792852245,-1.5339123183606773
62.1,0.9489218830586693,0.24020362335188994,-1.733171849672705,-0.15749800183290474,-1.5849864236717082
62.2,0.9746911395826356,0.08945318758143833,-1.7393264793165506,0.11267733718012085,-1.564058114908775
62.3,0.9711820725700909,-0.06367259816574217,-1.74291633876793,0.40872469596673233,-1.5698781837568276
62.4,0.9535645995477408,-0.21766947069255133,-1.5731853864933898,0.6730081731633422,-1.5895570627043298
62.5,0.9097658651746933,-0.3646823362583155,-1.5035256930407381,0.8947909913557399,-1.5681749842850934
62.6,0.8390162112115546,-0.5044769580231905,-1.3548494059052663,1.123361670467589,-1.6011280427929364
62.7,0.7529709533288341,-0.6287571622164141,-1.0959176315788588,1.3587720207579226,-1.5438747519032603
62.8,0.6453568744037799,-0.7408871690852956,-0.8899806353402513,1.4507226034082887,-1.5846067909036066
62.9,0.5177731390903282,-0.8316284144816994,-0.6985639033717592,1.6380814863440214,-1.597211735275721
63.0,0.3851865093339497,-0.9003554513282447,-0.3799242219982617,1.6880716384338608,-1.5261928320607865
63.1,0.23855325065234168,-0.9510024611174501,-0.14623623351400272,1.7221348148150066,-1.5848059629923483
63.2,0.08296057322944955,-0.9735852810936247,0.09089784910531185,1.74187151344428,-1.6076678465300631
63.3,-0.06363638537777772,-0.9786568394823388,0.42040528217335404,1.6509065395540818,-1.499388582256671
63.4,-0.22108999165272591,-0.957447319209892,0.6244181658657405,1.5847282190817575,-1.6200548236287204
63.5,-0.3680567832063934,-0.9081870721151237,0.9218550548202802,1.5070575927519392,-1.5809896672013934
63.6,-0.5024734706015535,-0.8413984279350133,1.1080017920212322,1.3268595078865717,-1.5331241691237807
63.7,-0.6321020633203713,-0.7512159796652115,1.3368929634669595,1.1584976047007551,-1.6115297701040276
63.8,-0.7391472636238925,-0.6444477661449746,1.4520551184369141,0.8903107122752654,-1.5423346477874134
63.9,-0.8299579259303655,-0.5204413374568753,1.5845780773072131,0.6612489580754275,-1.5697408161024384
64.0,-0.9033914942379818,-0.3810807809563454,1.693495314537779,0.4421115974390516,-1.6090061693664381
64.1,-0.95001321082859,-0.23780909154211738,1.7304769800765136,0.17072376959760882,-1.5390394052494116
64.2,-0.9763671558007724,-0.08627047687551637,1.6745321976692664,-0.15608858781606383,-1.571518165579846
64.3,-0.9789126963548485,0.06561179704561043,1.6898909578766563,-0.4525072347901343,-1.5505484767808042
64.4,-0.957463967072842,0.2205950500104834,1.6366389662175562,-0.6340531447752593,-1.595185685335565
64.5,-0.9104347266275685,0.3701466290816394,1.5063105772028336,-0.9069966204510677,-1.5970534817968485
64.6,-0.8428392018413096,0.5039304564358303,1.2827775954561027,-1.153156336528009,-1.5272224414221824
64.7,-0.7550679709159358,0.6342204278827825,1.1490690518703632,-1.3423029156957178,-1.5976011145188096
64.8,-0.6446476840657129,0.7466694264628123,0.9364115985348127,-1.4758599356598157,-1.5996326340573574
64.9,-0.5198382482233788,0.8328801120068967,0.6791036264466466,-1.6325082944415064,-1.542172126974748
65.0,-0.3851767821893833,0.9046564897805733,0.3994803464889065,-1.6647934718596697,-1.5546072307185455
65.1,-0.23864048140521432,0.9545132518528836,0.12239879461797853,-1.7072779707917132,-1.575331142188361
65.2,-0.08421827800218318,0.9774117517489138,-0.09097632996281235,-1.7742287152452405,-1.5903836985743425
65.3,0.06911026635051798,0.977483101596945,-0.4089643091394711,-1.6615259697742482,-1.5653709668637816
65.4,0.2185907821125863,0.9577169440190281,-0.6384749962987504,-1.5729446339173476,-1.5381282360195314
65.5,0.36837016154999513,0.9082681987006738,-0.8972945985051691,-1.5118346413741877,-1.6090485045715752
65.6,0.5050660099767557,0.8395458096507566,-1.1123956330106533,-1.3239162565342557,-1.5628850784039372
65.7,0.6308066298547791,0.7560280358781796,-1.2995376653495514,-1.1054762387940604,-1.5375840449169687
65.8,0.7434324158546477,0.6390708466250624,-1.4696388955721966,-0.9529733683521286,-1.6539327031175333
65.9,0.8310653058939201,0.5205886214684297,-1.6396553342328102,-0.6439952693679492,-1.504401926608594
66.0,0.905546928216057,0.38419764094675796,-1.677117027549816,-0.42561392401540676,-1.5836013817897054
66.1,0.9520539527937013,0.2344590940007935,-1.734269641309838,-0.1537592880243751,-1.597915302288726
66.2,0.9757539189659721,0.08834911566594084,-1.7303257824641591,0.11673089064671427,-1.5116356674927545
66.3,0.9800868562204731,-0.07029291968787965,-1.6822735119313263,0.38751760868071283,-1.6189675207235155
66.4,0.9558728344557574,-0.22197660956041948,-1.6047605582836921,0.6505679240769091,-1.5658110219665389
66.5,0.9098068781287859,-0.3677687838838336,-1.4773407263472547,0.8870336719242355,-1.5596566942941337
66.6,0.8394378798030993,-0.5083585642466839,-1.3340866353409662,1.1192314228754936,-1.6037731803658772
66.7,0.7518831982774281,-0.6326857539740418,-1.1401154967922191,1.3250182445441523,-1.549973724943996
66.8,0.6412463303545237,-0.7403598541428174,-0.9077987919767146,1.4586891364539496,-1.5749340098476239
66.9,0.5213487272953283,-0.8317156597026785,-0.6691513528624152,1.5755595285957962,-1.5386496237411507
67.0,0.3838820720323896,-0.9057197023490873,-0.4496628064390894,1.6901811295546207,-1.5902856360795425
67.1,0.2363476221230652,-0.9514339829538003,-0.16568024650664925,1.7118439458287096,-1.5740590197776072
67.2,0.09103593500740809,-0.9762775551087213,0.1598325146132623,1.6913272397766934,-1.5050438357586415
67.3,-0.06896248858398674,-0.9783397311504047,0.352462358853758,1.705845420771399,-1.6335204227968347
67.4,-0.2169650445474508,-0.9533765782185211,0.6330858852016691,1.6093529546730592,-1.5339147243542328
67.5,-0.3633305430963749,-0.9108824960274735,0.9133201284368991,1.428409856516661,-1.557739626147594
67.6,-0.5036022541084987,-0.8370255522133606,1.1198612709111677,1.3494519855995852,-1.6209862690411825
67.7,-0.6282495809679056,-0.7522930659730029,1.31628491568344,1.1484569986019775,-1.5415057722876213
67.8,-0.7410388881447594,-0.6431821871636403,1.4897379492150837,0.9057284577564102,-1.6018761759565336
67.9,-0.8329762602008571,-0.5194080898364699,1.583491817941209,0.6219200346473975,-1.5726026173713592
68.0,-0.902728698015675,-0.38366940608097955,1.6428234008027025,0.4275414051618752,-1.5568114575731329
68.1,-0.9511177334544976,-0.23510871782264048,1.7679676002255411,0.17050421996469423,-1.5954563620582718
68.2,-0.9770315348568928,-0.08425637898683436,1.7317931929425323,-0.12081706711815654,-1.5630983654607178
68.3,-0.9777713340634062,0.06675304755597739,1.6977516453107961,-0.4023249199334281,-1.5418912563554699
68.4,-0.9536358866319131,0.22186608282402964,1.661281590027691,-0.6526414123073736,-1.6042162364401236
68.5,-0.9128132290821405,0.365739008021468,1.4669193459106913,-0.9425321983829388,-1.5249937743986663
68.6,-0.8479362168027971,0.4999387620073313,1.3625530775054542,-1.094779946212042,-1.5164762437258617
68.7,-0.7593125135428964,0.6170343198831861,1.2280795520092906,-1.3722362393857646,-1.4965678261862791
68.8,-0.6687698903491797,0.7216694797006467,0.9564403225213381,-1.5251832212618401,-1.410348070012759
68.9,-0.5602046491396019,0.8057040411768173,0.7724582320553919,-1.6967882875751994,-1.3980778558545381
69.0,-0.4495000247387185,0.8753584026075105,0.5367677028671677,-1.7571735274930078,-1.3317114569146327
69.1,-0.3262693236081658,0.9239332802280125,0.3183896949252283,-1.8441503797017127,-1.349310918229989
69.2,-0.2096605031861259,0.9602971339263335,0.07923752739006773,-1.830381884856173,-1.2450556631960552
69.3,-0.09197647562453093,0.9775174052518267,-0.13655934732115582,-1.8341189700435967,-1.211399841015961
69.4,0.030703494995979963,0.9842688099913559,-0.3073632615600831,-1.8159350301616528,-1.2499980224723828
69.5,0.13957655278125183,0.9765661310693035,-0.5533431939166378,-1.789234902447624,-1.1078029049403426
69.6,0.24756423737043276,0.9508464004681848,-0.7695021010173506,-1.7636316338683797,-1.1274267890468792
69.7,0.3524652605696751,0.9192343891204582,-0.9478051448077316,-1.6474276314139489,-1.1143677346603909
69.8,0.44466752721919667,0.8839027147225701,-1.1852327722169842,-1.4995576605797725,-0.9995908109142704
69.9,0.5293826411892866,0.8334781033970521,-1.2618500858924744,-1.3752706469631233,-0.9976115568664312
70.0,0.604258848548963,0.7791682852899803,-1.4225884984165615,-1.2526933308984731,-0.9376938057093298
70.1,0.6728569704198277,0.720406960535228,-1.5222326446410053,-1.0919196934131914,-0.9164945233398214
70.2,0.7367768558878959,0.6579495173099306,-1.586579882419894,-1.0239258278200452,-0.9057332106327465
70.3,0.7871199293506118,0.5959063678259615,-1.6779207482968015,-0.8786327174322384,-0.8092831590177241
70.4,0.8294796881237154,0.5300855845366612,-1.7814831385602963,-0.7482770973883589,-0.7936718117397845
70.5,0.8692214933616559,0.46518035200790075,-1.7553777314177839,-0.6315414717027772,-0.7725924273606211
70.6,0.8990037755301047,0.4018610642051732,-1.8652063076455316,-0.49516316307684727,-0.7102311192277
70.7,0.9257466413451673,0.34048758599629286,-1.8526288480166782,-0.32702609511648284,-0.6792071840394698
70.8,0.9458433365763502,0.27906600701237316,-1.910518495183498,-0.23792038713002817,-0.6553710263035128
70.9,0.9634662909672973,0.22473948544904276,-1.873988520069608,-0.08181486589280673,-0.5774071276472625
71.0,0.9704220895587744,0.17103445184266985,-1.8866609972372994,0.0440000773841005,-0.5470787803965038
71.1,0.9771963201564996,0.12074391596365441,-1.9772566212527902,0.14986757407359924,-0.5151737581579141
71.2,0.9871417530022191,0.07278358840827714,-1.8989877380566578,0.23792904409064725,-0.49339977101411137
71.3,0.9913648262101236,0.022029772547969784,-1.9028938324996207,0.28581769292791603,-0.5138046795505602
71.4,0.98962128667564,-0.01559009146398177,-1.9261650803037307,0.38063760101283217,-0.37970294298581564
71.5,0.9869426621951134,-0.053632860141474975,-1.9073450368719154,0.4450026391500969,-0.3853673882481701
71.6,0.9795933455400351,-0.08463428434629061,-1.9807694198246724,0.5273682802057725,-0.3189432274301396
71.7,0.9784005175542053,-0.113570277365027,-1.9322734320017372,0.5588797254845294,-0.29376971565561405
71.8,0.9768193412653573,-0.13304401996782905,-1.8622927670645053,0.6277660778089337,-0.19807969699016326
71.9,0.9761510995344499,-0.15548604028125318,-1.8901318559131952,0.6631138301725579,-0.22589550903582278
72.0,0.9674111895443196,-0.17577055725330704,-1.9016983139608539,0.7493404095868665,-0.21773192071329106
72.1,0.968448132006624,-0.18742238401390285,-1.8747718925244072,0.7658294892142492,-0.11434323614025743
72.2,0.9690495790059335,-0.19689169146535718,-1.9166550122493462,0.6990052576901895,-0.09286210228140135
72.3,0.966496547123755,-0.2011663859772172,-1.864239932898554,0.725017829150408,-0.04758317101888565
72.4,0.9671123517286765,-0.19518525201607112,-1.87489014329293,0.8322312158006484,0.06062321293669015
72.5,0.9634557377179596,-0.2041013463960184,-1.898205733870368,0.7985479202244214,-0.09609121585370417
72.6,0.9627156821706493,-0.19802757877199173,-1.8680205796930862,0.7062175901982414,0.05889440925869849
72.7,0.963644246812064,-0.1943688156431591,-1.8568421784079299,0.6881918588581988,0.03835840994241835
72.8,0.9611530683181613,-0.1981275494998562,-1.8544521926675401,0.7479461180506748,-0.042564342479849415
72.9,0.9640643148623964,-0.1950235304445443,-1.780958351193406,0.7858167700352829,0.036883799126954386
73.0,0.9645491491000637,-0.19930825396997723,-1.8569020576833175,0.7410094821852333,-0.041663396703270905
73.1,0.9640833885531528,-0.1995382709236135,-1.819709286324735,0.7284430051702226,-0.003245339166042527
73.2,0.9655420273281302,-0.20002978849217373,-1.860702087740958,0.6990665773950874,-0.00188312796794321
73.3,0.9649955390665645,-0.2032852256641656,-1.8524044036733331,0.7432721300341409,-0.03344858387968941
73.4,0.9649322005579223,-0.19826767636416265,-1.8318961153579247,0.8157824129536624,0.04970864829083155
73.5,0.9660825252645155,-0.20075238693759245,-1.837266126780521,0.6908044703814148,-0.022319816370952594
73.6,0.9609949992418952,-0.20428324103239592,-1.870368090929798,0.6696859075298378,-0.04572260218452584
73.7,0.966884714634442,-0.1963808814667945,-1.8086621651759283,0.7710617229675067,0.09075785822716398
73.8,0.964894028120071,-0.2008188906734707,-1.829071742428766,0.7150764532622614,-0.04814936699943928
73.9,0.9635618931761356,-0.20208193316410117,-1.8557710941773733,0.7108921406592217,-0.015316838488743656
74.0,0.9680646997377956,-0.19361034827559415,-1.8198479875385158,0.8375974670025462,0.09334730803061575
74.1,0.9622269882140374,-0.20707196144205148,-1.8741331114178383,0.6990005552135327,-0.14575038748048996
74.2,0.9645714953784849,-0.202111680445564,-1.799424335108588,0.7711419817656033,0.05421040602840321
74.3,0.9670123532692494,-0.19597453967138917,-1.8277280874920578,0.774675906084782,0.06595227507276036
74.4,0.9633882384917034,-0.20161686445895943,-1.8586497558487403,0.7124244878781487,-0.06349728650469899
74.5,0.9658051146424248,-0.19781028052838,-1.8401586083361072,0.6479447355558982,0.04281520597245958
74.6,0.9667337411323702,-0.195931411882474,-1.8409202767288522,0.787721802529328,0.02054957707095184
74.7,0.9639066705817796,-0.20083288254242795,-1.8309342018995607,0.810011943942233,-0.05449266869767655
74.8,0.9664490410405217,-0.20178907946080776,-1.854799322365803,0.6601622225507748,-0.00422894889581471
74.9,0.9648134864932973,-0.20069487763410404,-1.8643143204758472,0.6663055379609916,0.00747684645574509
75.0,0.9685953886768497,-0.19662151115555837,-1.8503245220809417,0.8412888840441105,0.04814304196685271
75.1,0.970071574749788,-0.20748048855509668,-1.80300578220452,0.7847189561334982,-0.10431776651273594
75.2,0.9679843069108098,-0.20657449684838436,-1.847269228150432,0.7180464151744578,0.004540392267813331
75.3,0.9693275106063908,-0.20139327549786987,-1.9127576314829422,0.6819322324791525,0.054013469125919755
75.4,0.969614844390175,-0.2024793423615701,-1.8269433709638883,0.712057889679439,-0.010145155775234116
75.5,0.964815736560849,-0.1993366773486065,-1.8234684768922553,0.7941938872936927,0.02126789423897435
75.6,0.9646354216014323,-0.19854412910015085,-1.8492044893087298,0.7870109172956655,0.007510461790545264
75.7,0.9649273497431323,-0.20249878047269027,-1.8257340992254905,0.6807457092796849,-0.03868986925354534
75.8,0.9653628891932957,-0.2009342634648025,-1.85956905797279,0.6792425304164645,0.016435403046344277
75.9,0.9643623072493709,-0.2000192891666079,-1.8507847941293563,0.7594370765945962,0.007024977654381814
76.0,0.9666047111610193,-0.20135785356644983,-1.8209769961418918,0.8237110514183026,-0.008662161287986692
76.1,0.9649273164119984,-0.20035149338592775,-1.8896804245854595,0.7281160165011948,0.006525858308350507
76.2,0.96517656520806,-0.2035601892648696,-1.8278495816958151,0.6791222592052698,-0.03133611072136944
76.3,0.96691136239765,-0.19949770349031648,-1.8048881211014367,0.7733379996118467,0.043888939403728955
76.4,0.9637758132100704,-0.2015479003313295,-1.8861420273265876,0.7157166291616109,-0.026827517537810763
76.5,0.9651656034571507,-0.20301326638737963,-1.8419188043887016,0.741421724367341,-0.011658439269979226
76.6,0.9696870950328783,-0.19412759335757898,-1.8036524704756438,0.8067467814236295,0.0973401301938992
76.7,0.9615150478485677,-0.20504322189172203,-1.891702801745937,0.7131801194430338,-0.125188877111313
76.8,0.9658992378959431,-0.2055273206562762,-1.8070026388609557,0.7161139861833232,0.00446486951041436
76.9,0.9665840948218711,-0.196255562446008,-1.8629039806711385,0.7848462640502424,0.09339283419251387
77.0,0.9634934103664482,-0.20419649678182475,-1.8269844755907183,0.7213369195153387,-0.08526026350715199
77.1,0.9676561715844629,-0.19922952791089643,-1.825074364813906,0.7029760678230708,0.05791910256746746
77.2,0.9652033283376619,-0.2008150683680824,-1.846239113608801,0.770225766257197,-0.020769485872307314
77.3,0.9643710319243634,-0.20552857608520947,-1.824718650545757,0.8250888758920206,-0.048520268396003985
77.4,0.9679508681410809,-0.20185042942447914,-1.8669627966266047,0.7187759410788185,0.04392871451074143
77.5,0.9637464637573421,-0.20547266142327603,-1.8535744115959092,0.6710191876537526,-0.04469488459989179
77.6,0.9686195502937072,-0.19484909108284565,-1.7872928686844456,0.7801552783585939,0.11544689536037822
77.7,0.9645482089113879,-0.199519396851352,-1.857177277546398,0.8061456541500169,-0.05463657839946734
77.8,0.9616497761504178,-0.20142191978149082,-1.8590102241760749,0.7310105837474152,-0.02493800811272706
77.9,0.9658278960977514,-0.1948572812424164,-1.8394043402382867,0.70812562139875,0.07390543980115183
78.0,0.9609846863903908,-0.19753831100025795,-1.8537608254265217,0.7071836216617504,-0.036550743391927654
78.1,0.9631765354551596,-0.19712686342179112,-1.8164329482378683,0.8010876772061891,0.008588244044389626
78.2,0.9651943757576041,-0.1985173595854718,-1.8331797981843632,0.7566920872348409,-0.009718583495583744
78.3,0.962531317131659,-0.20200478325924684,-1.859894492085378,0.7381957302120867,-0.040187374367519624
78.4,0.965576095830728,-0.2011685972422505,-1.8038091168764347,0.6965533156432838,0.014637772584507047
78.5,0.9657290875244768,-0.2032421438579681,-1.879042496172432,0.7199428935623896,-0.02025319751147947
78.6,0.9635676605802501,-0.2005581963276358,-1.8001600806465898,0.7920497052822006,0.02216260354252597
78.7,0.9668503649958358,-0.20035233221972393,-1.8621008021395757,0.7669948991763373,0.008815908187500554
78.8,0.962102490945288,-0.2057049390020897,-1.8772628481967013,0.686874512611557,-0.06306561308235814
78.9,0.9656316308879718,-0.20000509380475864,-1.8160240421250506,0.7418021345506599,0.06400586208933134
79.0,0.9679073449721924,-0.20005695484328573,-1.7877598597132511,0.7533926147771639,0.004156096189262826
79.1,0.9601034895451427,-0.20415947172835308,-1.8741456100683052,0.7228823720606186,-0.05702312864315218
79.2,0.9687693656683871,-0.19454595007044487,-1.7822064656368295,0.8035112118537385,0.11340794410457988
79.3,0.9639938096055892,-0.2027260828568566,-1.8871260482721586,0.7495022710994935,-0.09096101360483999
79.4,0.9622355521978357,-0.2078655851459604,-1.845351057539167,0.7307274148332804,-0.05476623391402313
79.5,0.9699690980357569,-0.19962779709237655,-1.790777090544104,0.7343511867277455,0.09780046345731819
79.6,0.9633807472601663,-0.19936358739396268,-1.854647741128443,0.7616643859004354,-0.010869329141343087
79.7,0.9641998013401867,-0.20243055584602584,-1.8463603622194287,0.6588435399242002,-0.02879922123582901
79.8,0.9667715551251772,-0.1975658460567801,-1.8319039938799504,0.7312219089343479,0.053603669908781626
79.9,0.963716555833076,-0.19995899102225234,-1.8480238363450614,0.8469152049244931,-0.030036890127078664
